kind,minute,minute_rel,cpu_percent_avg,memory_percent_avg,memory_mib_avg,running_tasks,cpu_source,memory_source
request,2026-10-05T01:22:00-03:00,0.00,0.4300,18.2900,562.0000,1.00,AWS/ECS CPUUtilization,AWS/ECS MemoryUtilization
request,2026-10-05T01:23:00-03:00,1.00,0.4300,18.2900,562.0000,1.00,AWS/ECS CPUUtilization,AWS/ECS MemoryUtilization
request,2026-10-05T01:24:00-03:00,2.00,0.4300,18.2900,562.0000,1.00,AWS/ECS CPUUtilization,AWS/ECS MemoryUtilization
request,2026-10-05T01:25:00-03:00,3.00,64.4700,18.3100,562.0000,1.00,AWS/ECS CPUUtilization,AWS/ECS MemoryUtilization
request,2026-10-05T01:26:00-03:00,4.00,82.5400,18.5200,568.0000,1.00,AWS/ECS CPUUtilization,AWS/ECS MemoryUtilization
request,2026-10-05T01:27:00-03:00,5.00,80.7500,18.5500,570.0000,1.00,AWS/ECS CPUUtilization,AWS/ECS MemoryUtilization
request,2026-10-05T01:28:00-03:00,6.00,80.6000,18.7200,575.0000,1.00,AWS/ECS CPUUtilization,AWS/ECS MemoryUtilization
request,2026-10-05T01:29:00-03:00,7.00,80.1100,18.7800,576.0000,1.00,AWS/ECS CPUUtilization,AWS/ECS MemoryUtilization
request,2026-10-05T01:30:00-03:00,8.00,80.0500,18.8700,579.0000,1.00,AWS/ECS CPUUtilization,AWS/ECS MemoryUtilization
request,2026-10-05T01:31:00-03:00,9.00,82.3800,18.8900,580.0000,1.00,AWS/ECS CPUUtilization,AWS/ECS MemoryUtilization
request,2026-10-05T01:32:00-03:00,10.00,82.1800,18.8800,580.0000,1.00,AWS/ECS CPUUtilization,AWS/ECS MemoryUtilization
request,2026-10-05T01:33:00-03:00,11.00,80.3600,18.8900,580.0000,1.00,AWS/ECS CPUUtilization,AWS/ECS MemoryUtilization
request,2026-10-05T01:34:00-03:00,12.00,83.1000,18.8800,580.0000,1.00,AWS/ECS CPUUtilization,AWS/ECS MemoryUtilization
request,2026-10-05T01:35:00-03:00,13.00,37.1400,18.9100,580.0000,1.00,AWS/ECS CPUUtilization,AWS/ECS MemoryUtilization
request,2026-10-05T01:36:00-03:00,14.00,0.5400,18.9000,580.0000,1.00,AWS/ECS CPUUtilization,AWS/ECS MemoryUtilization
request,2026-10-05T01:37:00-03:00,15.00,0.4200,18.5000,568.0000,1.00,AWS/ECS CPUUtilization,AWS/ECS MemoryUtilization
request,2026-10-05T01:38:00-03:00,16.00,0.4400,18.2900,562.0000,1.00,AWS/ECS CPUUtilization,AWS/ECS MemoryUtilization
request,2026-10-05T01:39:00-03:00,17.00,0.4000,18.2900,562.0000,1.00,AWS/ECS CPUUtilization,AWS/ECS MemoryUtilization
request,2026-10-05T01:40:00-03:00,18.00,21.8300,18.2900,562.0000,1.00,AWS/ECS CPUUtilization,AWS/ECS MemoryUtilization
request,2026-10-05T01:41:00-03:00,19.00,84.4700,18.4100,565.0000,1.00,AWS/ECS CPUUtilization,AWS/ECS MemoryUtilization
request,2026-10-05T01:42:00-03:00,20.00,86.3300,18.5700,570.0000,1.00,AWS/ECS CPUUtilization,AWS/ECS MemoryUtilization
request,2026-10-05T01:43:00-03:00,21.00,83.3600,18.5900,571.0000,1.00,AWS/ECS CPUUtilization,AWS/ECS MemoryUtilization
request,2026-10-05T01:44:00-03:00,22.00,84.3900,18.6700,573.0000,1.00,AWS/ECS CPUUtilization,AWS/ECS MemoryUtilization
request,2026-10-05T01:45:00-03:00,23.00,84.1400,18.7400,575.0000,1.00,AWS/ECS CPUUtilization,AWS/ECS MemoryUtilization
request,2026-10-05T01:46:00-03:00,24.00,83.9800,18.7500,576.0000,1.00,AWS/ECS CPUUtilization,AWS/ECS MemoryUtilization
request,2026-10-05T01:47:00-03:00,25.00,83.1800,18.7500,576.0000,1.00,AWS/ECS CPUUtilization,AWS/ECS MemoryUtilization
request,2026-10-05T01:48:00-03:00,26.00,83.0100,18.7800,576.0000,1.00,AWS/ECS CPUUtilization,AWS/ECS MemoryUtilization
request,2026-10-05T01:49:00-03:00,27.00,81.4400,18.7800,577.0000,1.00,AWS/ECS CPUUtilization,AWS/ECS MemoryUtilization
request,2026-10-05T01:50:00-03:00,28.00,82.8400,18.8300,578.0000,1.00,AWS/ECS CPUUtilization,AWS/ECS MemoryUtilization
request,2026-10-05T01:51:00-03:00,29.00,0.4300,18.8200,578.0000,1.00,AWS/ECS CPUUtilization,AWS/ECS MemoryUtilization
request,2026-10-05T01:52:00-03:00,30.00,1.3100,18.5000,568.0000,1.00,AWS/ECS CPUUtilization,AWS/ECS MemoryUtilization
request,2026-10-05T01:53:00-03:00,31.00,0.3300,18.3500,563.0000,1.00,AWS/ECS CPUUtilization,AWS/ECS MemoryUtilization
request,2026-10-05T01:54:00-03:00,32.00,0.4000,18.3300,563.0000,1.00,AWS/ECS CPUUtilization,AWS/ECS MemoryUtilization
request,2026-10-05T01:55:00-03:00,33.00,0.3300,18.3300,563.0000,1.00,AWS/ECS CPUUtilization,AWS/ECS MemoryUtilization
request,2026-10-05T01:56:00-03:00,34.00,63.5400,18.3300,563.0000,1.00,AWS/ECS CPUUtilization,AWS/ECS MemoryUtilization
request,2026-10-05T01:57:00-03:00,35.00,81.0200,18.5100,568.0000,1.00,AWS/ECS CPUUtilization,AWS/ECS MemoryUtilization
request,2026-10-05T01:58:00-03:00,36.00,84.5100,18.6300,572.0000,1.00,AWS/ECS CPUUtilization,AWS/ECS MemoryUtilization
request,2026-10-05T01:59:00-03:00,37.00,82.3900,18.6500,572.0000,1.00,AWS/ECS CPUUtilization,AWS/ECS MemoryUtilization
request,2026-10-05T02:00:00-03:00,38.00,82.5300,18.7400,575.0000,1.00,AWS/ECS CPUUtilization,AWS/ECS MemoryUtilization
request,2026-10-05T02:01:00-03:00,39.00,84.0100,18.7800,576.0000,1.00,AWS/ECS CPUUtilization,AWS/ECS MemoryUtilization
request,2026-10-05T02:02:00-03:00,40.00,86.2000,18.7800,577.0000,1.00,AWS/ECS CPUUtilization,AWS/ECS MemoryUtilization
request,2026-10-05T02:03:00-03:00,41.00,82.8100,18.7800,576.0000,1.00,AWS/ECS CPUUtilization,AWS/ECS MemoryUtilization
request,2026-10-05T02:04:00-03:00,42.00,82.1800,18.7600,576.0000,1.00,AWS/ECS CPUUtilization,AWS/ECS MemoryUtilization
request,2026-10-05T02:05:00-03:00,43.00,81.5700,18.8100,577.0000,1.00,AWS/ECS CPUUtilization,AWS/ECS MemoryUtilization
request,2026-10-05T02:06:00-03:00,44.00,40.8500,18.8400,578.0000,1.00,AWS/ECS CPUUtilization,AWS/ECS MemoryUtilization
request,2026-10-05T02:07:00-03:00,45.00,0.4200,18.8500,579.0000,1.00,AWS/ECS CPUUtilization,AWS/ECS MemoryUtilization
request,2026-10-05T02:08:00-03:00,46.00,0.4000,18.5000,568.0000,1.00,AWS/ECS CPUUtilization,AWS/ECS MemoryUtilization
request,2026-10-05T02:09:00-03:00,47.00,0.3400,18.3300,563.0000,1.00,AWS/ECS CPUUtilization,AWS/ECS MemoryUtilization
request,2026-10-05T02:10:00-03:00,48.00,0.4300,18.3300,563.0000,1.00,AWS/ECS CPUUtilization,AWS/ECS MemoryUtilization
request,2026-10-05T02:11:00-03:00,49.00,5.2400,18.3300,563.0000,1.00,AWS/ECS CPUUtilization,AWS/ECS MemoryUtilization
request,2026-10-05T02:12:00-03:00,50.00,80.7100,18.5300,569.0000,1.00,AWS/ECS CPUUtilization,AWS/ECS MemoryUtilization
request,2026-10-05T02:13:00-03:00,51.00,84.5400,18.6500,572.0000,1.00,AWS/ECS CPUUtilization,AWS/ECS MemoryUtilization
request,2026-10-05T02:14:00-03:00,52.00,85.7900,18.8600,579.0000,1.00,AWS/ECS CPUUtilization,AWS/ECS MemoryUtilization
request,2026-10-05T02:15:00-03:00,53.00,83.6600,19.0000,583.0000,1.00,AWS/ECS CPUUtilization,AWS/ECS MemoryUtilization
request,2026-10-05T02:16:00-03:00,54.00,83.8700,19.0200,584.0000,1.00,AWS/ECS CPUUtilization,AWS/ECS MemoryUtilization
request,2026-10-05T02:17:00-03:00,55.00,85.9400,19.0100,584.0000,1.00,AWS/ECS CPUUtilization,AWS/ECS MemoryUtilization
request,2026-10-05T02:18:00-03:00,56.00,85.8000,19.0300,584.0000,1.00,AWS/ECS CPUUtilization,AWS/ECS MemoryUtilization
request,2026-10-05T02:19:00-03:00,57.00,84.9700,19.0200,584.0000,1.00,AWS/ECS CPUUtilization,AWS/ECS MemoryUtilization
request,2026-10-05T02:20:00-03:00,58.00,83.2900,19.0400,584.0000,1.00,AWS/ECS CPUUtilization,AWS/ECS MemoryUtilization
request,2026-10-05T02:21:00-03:00,59.00,83.4500,19.0400,585.0000,1.00,AWS/ECS CPUUtilization,AWS/ECS MemoryUtilization
request,2026-10-05T02:22:00-03:00,60.00,30.1600,19.0100,584.0000,1.00,AWS/ECS CPUUtilization,AWS/ECS MemoryUtilization
request,2026-10-05T02:23:00-03:00,61.00,0.3900,18.7100,574.0000,1.00,AWS/ECS CPUUtilization,AWS/ECS MemoryUtilization
request,2026-10-05T02:24:00-03:00,62.00,0.4400,18.3800,564.0000,1.00,AWS/ECS CPUUtilization,AWS/ECS MemoryUtilization
request,2026-10-05T02:25:00-03:00,63.00,0.3300,18.3300,563.0000,1.00,AWS/ECS CPUUtilization,AWS/ECS MemoryUtilization
request,2026-10-05T02:26:00-03:00,64.00,0.4000,18.3300,563.0000,1.00,AWS/ECS CPUUtilization,AWS/ECS MemoryUtilization
request,2026-10-05T02:27:00-03:00,65.00,41.5300,18.3400,563.0000,1.00,AWS/ECS CPUUtilization,AWS/ECS MemoryUtilization
request,2026-10-05T02:28:00-03:00,66.00,83.5300,18.5400,569.0000,1.00,AWS/ECS CPUUtilization,AWS/ECS MemoryUtilization
request,2026-10-05T02:29:00-03:00,67.00,81.4200,18.6000,571.0000,1.00,AWS/ECS CPUUtilization,AWS/ECS MemoryUtilization
request,2026-10-05T02:30:00-03:00,68.00,81.9900,18.7200,575.0000,1.00,AWS/ECS CPUUtilization,AWS/ECS MemoryUtilization
request,2026-10-05T02:31:00-03:00,69.00,84.7900,18.7500,576.0000,1.00,AWS/ECS CPUUtilization,AWS/ECS MemoryUtilization
request,2026-10-05T02:32:00-03:00,70.00,83.0400,18.7800,576.0000,1.00,AWS/ECS CPUUtilization,AWS/ECS MemoryUtilization
request,2026-10-05T02:33:00-03:00,71.00,82.6700,18.8000,577.0000,1.00,AWS/ECS CPUUtilization,AWS/ECS MemoryUtilization
request,2026-10-05T02:34:00-03:00,72.00,83.9000,18.8200,578.0000,1.00,AWS/ECS CPUUtilization,AWS/ECS MemoryUtilization
request,2026-10-05T02:35:00-03:00,73.00,82.6700,18.8200,578.0000,1.00,AWS/ECS CPUUtilization,AWS/ECS MemoryUtilization
request,2026-10-05T02:36:00-03:00,74.00,81.6100,18.8200,578.0000,1.00,AWS/ECS CPUUtilization,AWS/ECS MemoryUtilization
request,2026-10-05T02:37:00-03:00,75.00,58.2700,18.8200,578.0000,1.00,AWS/ECS CPUUtilization,AWS/ECS MemoryUtilization
request,2026-10-05T02:38:00-03:00,76.00,0.5200,18.7300,575.0000,1.00,AWS/ECS CPUUtilization,AWS/ECS MemoryUtilization
request,2026-10-05T02:39:00-03:00,77.00,0.3600,18.3400,563.0000,1.00,AWS/ECS CPUUtilization,AWS/ECS MemoryUtilization
request,2026-10-05T02:40:00-03:00,78.00,0.3700,18.2900,562.0000,1.00,AWS/ECS CPUUtilization,AWS/ECS MemoryUtilization
request,2026-10-05T02:41:00-03:00,79.00,0.3300,18.2900,562.0000,1.00,AWS/ECS CPUUtilization,AWS/ECS MemoryUtilization
event,2026-10-05T00:40:00-03:00,0.00,0.2900,11.8200,363.0000,1.00,AWS/ECS CPUUtilization,AWS/ECS MemoryUtilization
event,2026-10-05T00:41:00-03:00,1.00,0.3000,11.8200,363.0000,1.00,AWS/ECS CPUUtilization,AWS/ECS MemoryUtilization
event,2026-10-05T00:42:00-03:00,2.00,24.0900,11.8400,363.0000,1.00,AWS/ECS CPUUtilization,AWS/ECS MemoryUtilization
event,2026-10-05T00:43:00-03:00,3.00,45.2000,11.8500,364.0000,1.00,AWS/ECS CPUUtilization,AWS/ECS MemoryUtilization
event,2026-10-05T00:44:00-03:00,4.00,43.9400,11.8500,364.0000,1.00,AWS/ECS CPUUtilization,AWS/ECS MemoryUtilization
event,2026-10-05T00:45:00-03:00,5.00,45.6100,11.8600,364.0000,1.00,AWS/ECS CPUUtilization,AWS/ECS MemoryUtilization
event,2026-10-05T00:46:00-03:00,6.00,43.8600,11.8800,365.0000,1.00,AWS/ECS CPUUtilization,AWS/ECS MemoryUtilization
event,2026-10-05T00:47:00-03:00,7.00,44.6700,11.8800,365.0000,1.00,AWS/ECS CPUUtilization,AWS/ECS MemoryUtilization
event,2026-10-05T00:48:00-03:00,8.00,43.7100,11.8800,365.0000,1.00,AWS/ECS CPUUtilization,AWS/ECS MemoryUtilization
event,2026-10-05T00:49:00-03:00,9.00,44.3300,11.8800,365.0000,1.00,AWS/ECS CPUUtilization,AWS/ECS MemoryUtilization
event,2026-10-05T00:50:00-03:00,10.00,44.4400,11.8900,365.0000,1.00,AWS/ECS CPUUtilization,AWS/ECS MemoryUtilization
event,2026-10-05T00:51:00-03:00,11.00,44.8800,11.9100,366.0000,1.00,AWS/ECS CPUUtilization,AWS/ECS MemoryUtilization
event,2026-10-05T00:52:00-03:00,12.00,28.5500,11.9100,365.0000,1.00,AWS/ECS CPUUtilization,AWS/ECS MemoryUtilization
event,2026-10-05T00:53:00-03:00,13.00,0.2800,11.8800,364.0000,1.00,AWS/ECS CPUUtilization,AWS/ECS MemoryUtilization
event,2026-10-05T00:54:00-03:00,14.00,0.2700,11.8500,364.0000,1.00,AWS/ECS CPUUtilization,AWS/ECS MemoryUtilization
event,2026-10-05T00:55:00-03:00,15.00,0.2900,11.8500,364.0000,1.00,AWS/ECS CPUUtilization,AWS/ECS MemoryUtilization
event,2026-10-05T00:56:00-03:00,16.00,0.2900,11.8500,364.0000,1.00,AWS/ECS CPUUtilization,AWS/ECS MemoryUtilization
event,2026-10-05T00:57:00-03:00,17.00,3.9000,11.8700,364.0000,1.00,AWS/ECS CPUUtilization,AWS/ECS MemoryUtilization
event,2026-10-05T00:58:00-03:00,18.00,42.4600,11.9100,366.0000,1.00,AWS/ECS CPUUtilization,AWS/ECS MemoryUtilization
event,2026-10-05T00:59:00-03:00,19.00,43.7800,11.9100,366.0000,1.00,AWS/ECS CPUUtilization,AWS/ECS MemoryUtilization
event,2026-10-05T01:00:00-03:00,20.00,44.6800,11.9100,366.0000,1.00,AWS/ECS CPUUtilization,AWS/ECS MemoryUtilization
event,2026-10-05T01:01:00-03:00,21.00,44.1000,11.9100,366.0000,1.00,AWS/ECS CPUUtilization,AWS/ECS MemoryUtilization
event,2026-10-05T01:02:00-03:00,22.00,43.7100,11.9100,366.0000,1.00,AWS/ECS CPUUtilization,AWS/ECS MemoryUtilization
event,2026-10-05T01:03:00-03:00,23.00,44.4000,11.9100,366.0000,1.00,AWS/ECS CPUUtilization,AWS/ECS MemoryUtilization
event,2026-10-05T01:04:00-03:00,24.00,43.8200,11.9100,366.0000,1.00,AWS/ECS CPUUtilization,AWS/ECS MemoryUtilization
event,2026-10-05T01:05:00-03:00,25.00,44.1800,11.9100,366.0000,1.00,AWS/ECS CPUUtilization,AWS/ECS MemoryUtilization
event,2026-10-05T01:06:00-03:00,26.00,42.5800,11.9100,366.0000,1.00,AWS/ECS CPUUtilization,AWS/ECS MemoryUtilization
event,2026-10-05T01:07:00-03:00,27.00,44.2700,11.9100,366.0000,1.00,AWS/ECS CPUUtilization,AWS/ECS MemoryUtilization
event,2026-10-05T01:08:00-03:00,28.00,14.6000,11.9100,366.0000,1.00,AWS/ECS CPUUtilization,AWS/ECS MemoryUtilization
event,2026-10-05T01:09:00-03:00,29.00,0.2900,11.8900,365.0000,1.00,AWS/ECS CPUUtilization,AWS/ECS MemoryUtilization
event,2026-10-05T01:10:00-03:00,30.00,0.3000,11.8800,365.0000,1.00,AWS/ECS CPUUtilization,AWS/ECS MemoryUtilization
event,2026-10-05T01:11:00-03:00,31.00,0.3000,11.8800,365.0000,1.00,AWS/ECS CPUUtilization,AWS/ECS MemoryUtilization
event,2026-10-05T01:12:00-03:00,32.00,0.3100,11.8800,365.0000,1.00,AWS/ECS CPUUtilization,AWS/ECS MemoryUtilization
event,2026-10-05T01:13:00-03:00,33.00,22.9700,11.9000,365.0000,1.00,AWS/ECS CPUUtilization,AWS/ECS MemoryUtilization
event,2026-10-05T01:14:00-03:00,34.00,44.2400,11.9100,366.0000,1.00,AWS/ECS CPUUtilization,AWS/ECS MemoryUtilization
event,2026-10-05T01:15:00-03:00,35.00,43.6800,11.9100,366.0000,1.00,AWS/ECS CPUUtilization,AWS/ECS MemoryUtilization
event,2026-10-05T01:16:00-03:00,36.00,45.7200,11.9100,366.0000,1.00,AWS/ECS CPUUtilization,AWS/ECS MemoryUtilization
event,2026-10-05T01:17:00-03:00,37.00,42.8600,11.9100,366.0000,1.00,AWS/ECS CPUUtilization,AWS/ECS MemoryUtilization
event,2026-10-05T01:18:00-03:00,38.00,43.7000,11.9100,366.0000,1.00,AWS/ECS CPUUtilization,AWS/ECS MemoryUtilization
event,2026-10-05T01:19:00-03:00,39.00,44.0100,11.9100,366.0000,1.00,AWS/ECS CPUUtilization,AWS/ECS MemoryUtilization
event,2026-10-05T01:20:00-03:00,40.00,44.5800,11.9100,366.0000,1.00,AWS/ECS CPUUtilization,AWS/ECS MemoryUtilization
event,2026-10-05T01:21:00-03:00,41.00,44.5600,11.9100,366.0000,1.00,AWS/ECS CPUUtilization,AWS/ECS MemoryUtilization
event,2026-10-05T01:22:00-03:00,42.00,44.5600,11.9100,366.0000,1.00,AWS/ECS CPUUtilization,AWS/ECS MemoryUtilization
event,2026-10-05T01:23:00-03:00,43.00,32.1100,11.9100,366.0000,1.00,AWS/ECS CPUUtilization,AWS/ECS MemoryUtilization
event,2026-10-05T01:24:00-03:00,44.00,0.3300,11.9100,365.0000,1.00,AWS/ECS CPUUtilization,AWS/ECS MemoryUtilization
event,2026-10-05T01:25:00-03:00,45.00,0.3600,11.8800,365.0000,1.00,AWS/ECS CPUUtilization,AWS/ECS MemoryUtilization
event,2026-10-05T01:26:00-03:00,46.00,0.3300,11.8800,365.0000,1.00,AWS/ECS CPUUtilization,AWS/ECS MemoryUtilization
event,2026-10-05T01:27:00-03:00,47.00,0.3200,11.8800,365.0000,1.00,AWS/ECS CPUUtilization,AWS/ECS MemoryUtilization
event,2026-10-05T01:28:00-03:00,48.00,2.2300,11.8900,365.0000,1.00,AWS/ECS CPUUtilization,AWS/ECS MemoryUtilization
event,2026-10-05T01:29:00-03:00,49.00,39.8000,11.9100,366.0000,1.00,AWS/ECS CPUUtilization,AWS/ECS MemoryUtilization
event,2026-10-05T01:30:00-03:00,50.00,43.8500,11.9100,366.0000,1.00,AWS/ECS CPUUtilization,AWS/ECS MemoryUtilization
event,2026-10-05T01:31:00-03:00,51.00,44.2100,11.9100,366.0000,1.00,AWS/ECS CPUUtilization,AWS/ECS MemoryUtilization
event,2026-10-05T01:32:00-03:00,52.00,45.5500,11.9100,366.0000,1.00,AWS/ECS CPUUtilization,AWS/ECS MemoryUtilization
event,2026-10-05T01:33:00-03:00,53.00,44.7500,11.9100,366.0000,1.00,AWS/ECS CPUUtilization,AWS/ECS MemoryUtilization
event,2026-10-05T01:34:00-03:00,54.00,44.1600,11.9200,366.0000,1.00,AWS/ECS CPUUtilization,AWS/ECS MemoryUtilization
event,2026-10-05T01:35:00-03:00,55.00,45.6700,11.9200,366.0000,1.00,AWS/ECS CPUUtilization,AWS/ECS MemoryUtilization
event,2026-10-05T01:36:00-03:00,56.00,44.6700,11.9400,366.0000,1.00,AWS/ECS CPUUtilization,AWS/ECS MemoryUtilization
event,2026-10-05T01:37:00-03:00,57.00,44.0200,11.9500,367.0000,1.00,AWS/ECS CPUUtilization,AWS/ECS MemoryUtilization
event,2026-10-05T01:38:00-03:00,58.00,43.7800,11.9500,367.0000,1.00,AWS/ECS CPUUtilization,AWS/ECS MemoryUtilization
event,2026-10-05T01:39:00-03:00,59.00,14.7300,11.9300,366.0000,1.00,AWS/ECS CPUUtilization,AWS/ECS MemoryUtilization
event,2026-10-05T01:40:00-03:00,60.00,0.3500,11.8900,365.0000,1.00,AWS/ECS CPUUtilization,AWS/ECS MemoryUtilization
event,2026-10-05T01:41:00-03:00,61.00,0.2800,11.8800,365.0000,1.00,AWS/ECS CPUUtilization,AWS/ECS MemoryUtilization
event,2026-10-05T01:42:00-03:00,62.00,0.3100,11.8800,365.0000,1.00,AWS/ECS CPUUtilization,AWS/ECS MemoryUtilization
event,2026-10-05T01:43:00-03:00,63.00,0.2700,11.8800,365.0000,1.00,AWS/ECS CPUUtilization,AWS/ECS MemoryUtilization
event,2026-10-05T01:44:00-03:00,64.00,19.3200,11.9200,366.0000,1.00,AWS/ECS CPUUtilization,AWS/ECS MemoryUtilization
event,2026-10-05T01:45:00-03:00,65.00,44.6800,11.9500,367.0000,1.00,AWS/ECS CPUUtilization,AWS/ECS MemoryUtilization
event,2026-10-05T01:46:00-03:00,66.00,43.7400,11.9500,367.0000,1.00,AWS/ECS CPUUtilization,AWS/ECS MemoryUtilization
event,2026-10-05T01:47:00-03:00,67.00,43.9500,11.9500,367.0000,1.00,AWS/ECS CPUUtilization,AWS/ECS MemoryUtilization
event,2026-10-05T01:48:00-03:00,68.00,43.4900,11.9500,367.0000,1.00,AWS/ECS CPUUtilization,AWS/ECS MemoryUtilization
event,2026-10-05T01:49:00-03:00,69.00,43.5500,11.9500,367.0000,1.00,AWS/ECS CPUUtilization,AWS/ECS MemoryUtilization
event,2026-10-05T01:50:00-03:00,70.00,43.7100,11.9500,367.0000,1.00,AWS/ECS CPUUtilization,AWS/ECS MemoryUtilization
event,2026-10-05T01:51:00-03:00,71.00,45.0500,11.9500,367.0000,1.00,AWS/ECS CPUUtilization,AWS/ECS MemoryUtilization
event,2026-10-05T01:52:00-03:00,72.00,43.5900,11.9500,367.0000,1.00,AWS/ECS CPUUtilization,AWS/ECS MemoryUtilization
event,2026-10-05T01:53:00-03:00,73.00,42.9400,12.0600,370.0000,1.00,AWS/ECS CPUUtilization,AWS/ECS MemoryUtilization
event,2026-10-05T01:54:00-03:00,74.00,37.3100,12.1100,372.0000,1.00,AWS/ECS CPUUtilization,AWS/ECS MemoryUtilization
event,2026-10-05T01:55:00-03:00,75.00,0.3100,12.0800,370.0000,1.00,AWS/ECS CPUUtilization,AWS/ECS MemoryUtilization
event,2026-10-05T01:56:00-03:00,76.00,0.3400,12.0500,370.0000,1.00,AWS/ECS CPUUtilization,AWS/ECS MemoryUtilization
event,2026-10-05T01:57:00-03:00,77.00,0.3100,12.0500,370.0000,1.00,AWS/ECS CPUUtilization,AWS/ECS MemoryUtilization
event,2026-10-05T01:58:00-03:00,78.00,0.3500,12.0500,370.0000,1.00,AWS/ECS CPUUtilization,AWS/ECS MemoryUtilization
