record_type,minute,workload,task_id,requests_processed_per_s,events_processed_per_s,alb_requests_per_s,sqs_sent_per_s,sqs_received_per_s,sqs_deleted_per_s,sqs_empty_receives,sqs_api_requests,alb_latency_p50_ms,alb_latency_p95_ms,alb_latency_p99_ms,requests_processing_avg_ms,events_processing_avg_ms,requests_app_error_count,requests_app_error_rate,events_app_error_count,events_app_error_rate,requests_target_5xx_count,requests_elb_5xx_count,requests_slow_15s_count,requests_slow_15s_rate,requests_error_count,requests_error_rate,slow_threshold_seconds,request_running_tasks,event_running_tasks,request_cpu_units_avg,request_cpu_percent_avg,request_memory_mib_avg,request_memory_percent_avg,request_ecs_cpu_util_avg,request_ecs_memory_util_avg,event_cpu_units_avg,event_cpu_percent_avg,event_memory_mib_avg,event_memory_percent_avg,event_ecs_cpu_util_avg,event_ecs_memory_util_avg,cpu_units,cpu_percent,memory_mib,memory_percent,fargate_cost_usd,sqs_cost_usd,total_cost_usd,fargate_vcpu_hour_usd,fargate_gb_hour_usd,task_vcpu,task_memory_gb,sqs_usd_per_million
meta,,,,,,,,,,,,,,,,,,,,,,,,,,,15,,,,,,,,,,,,,,,,,,,,,,0.0696,0.0076,1,3,0.40
minute,2026-10-04T22:10:00-03:00,,,797.4667,,797.3167,0.0000,0.0000,0.0000,6,6,6.39,365.20,901.28,4.26,,0,0.000000,,,0,0,0,0.000000,0,0.000000,,2.00,1.00,618.52,60.40,485.00,15.79,60.40,15.79,3.90,0.38,277.00,9.02,0.38,9.02,,,,,0.00462000,0.00000240,0.00462240,,,,,
task,2026-10-04T22:10:00-03:00,request,295a0d7bce64416ea5ddbd070577cedd,,,,,,,,,,,,,,,,,,,,,,,,,,,,,,,,,,,,,,,849.24,82.93,604.00,19.66,,,,,,,,
task,2026-10-04T22:10:00-03:00,request,922a0a691beb428e99fa215828169261,,,,,,,,,,,,,,,,,,,,,,,,,,,,,,,,,,,,,,,387.80,37.87,366.00,11.91,,,,,,,,
task,2026-10-04T22:10:00-03:00,event,845edaef481c43a98c58661f992f6968,,,,,,,,,,,,,,,,,,,,,,,,,,,,,,,,,,,,,,,3.90,0.38,277.00,9.02,,,,,,,,
minute,2026-10-04T22:11:00-03:00,,,799.9000,,799.9667,0.0000,0.0000,0.0000,6,6,6.27,12.19,82.18,4.03,,0,0.000000,,,0,0,0,0.000000,0,0.000000,,2.00,1.00,625.99,61.13,486.50,15.84,61.13,15.84,4.20,0.41,277.00,9.02,0.41,9.04,,,,,0.00462000,0.00000240,0.00462240,,,,,
task,2026-10-04T22:11:00-03:00,request,295a0d7bce64416ea5ddbd070577cedd,,,,,,,,,,,,,,,,,,,,,,,,,,,,,,,,,,,,,,,866.34,84.60,607.00,19.76,,,,,,,,
task,2026-10-04T22:11:00-03:00,request,922a0a691beb428e99fa215828169261,,,,,,,,,,,,,,,,,,,,,,,,,,,,,,,,,,,,,,,385.64,37.66,366.00,11.91,,,,,,,,
task,2026-10-04T22:11:00-03:00,event,845edaef481c43a98c58661f992f6968,,,,,,,,,,,,,,,,,,,,,,,,,,,,,,,,,,,,,,,4.20,0.41,277.00,9.02,,,,,,,,
minute,2026-10-04T22:12:00-03:00,,,799.9333,,799.9667,0.0000,0.0000,0.0000,6,6,6.33,24.02,462.95,3.84,,0,0.000000,,,0,0,0,0.000000,0,0.000000,,2.00,1.00,622.89,60.83,487.00,15.85,60.83,15.86,4.51,0.44,278.00,9.05,0.44,9.05,,,,,0.00462000,0.00000240,0.00462240,,,,,
task,2026-10-04T22:12:00-03:00,request,295a0d7bce64416ea5ddbd070577cedd,,,,,,,,,,,,,,,,,,,,,,,,,,,,,,,,,,,,,,,868.75,84.84,608.00,19.79,,,,,,,,
task,2026-10-04T22:12:00-03:00,request,922a0a691beb428e99fa215828169261,,,,,,,,,,,,,,,,,,,,,,,,,,,,,,,,,,,,,,,377.04,36.82,366.00,11.91,,,,,,,,
task,2026-10-04T22:12:00-03:00,event,845edaef481c43a98c58661f992f6968,,,,,,,,,,,,,,,,,,,,,,,,,,,,,,,,,,,,,,,4.51,0.44,278.00,9.05,,,,,,,,
minute,2026-10-04T22:13:00-03:00,,,799.9667,,465.6667,0.0000,0.0000,0.0000,6,6,6.25,29.98,308.13,3.65,,0,0.000000,,,0,0,0,0.000000,0,0.000000,,2.00,1.00,485.68,47.43,487.00,15.85,47.43,15.87,4.92,0.48,278.00,9.05,0.48,9.05,,,,,0.00462000,0.00000240,0.00462240,,,,,
task,2026-10-04T22:13:00-03:00,request,295a0d7bce64416ea5ddbd070577cedd,,,,,,,,,,,,,,,,,,,,,,,,,,,,,,,,,,,,,,,586.21,57.25,608.00,19.79,,,,,,,,
task,2026-10-04T22:13:00-03:00,request,922a0a691beb428e99fa215828169261,,,,,,,,,,,,,,,,,,,,,,,,,,,,,,,,,,,,,,,385.15,37.61,366.00,11.91,,,,,,,,
task,2026-10-04T22:13:00-03:00,event,845edaef481c43a98c58661f992f6968,,,,,,,,,,,,,,,,,,,,,,,,,,,,,,,,,,,,,,,4.92,0.48,278.00,9.05,,,,,,,,
minute,2026-10-04T22:14:00-03:00,,,250.7000,,0.0000,0.0000,0.0000,0.0000,6,6,,,,3.59,,0,0.000000,,,0,0,0,,0,0.000000,,2.00,1.00,3.60,0.35,485.00,15.79,0.35,15.79,5.56,0.54,278.00,9.05,0.54,9.05,,,,,0.00462000,0.00000240,0.00462240,,,,,
task,2026-10-04T22:14:00-03:00,request,295a0d7bce64416ea5ddbd070577cedd,,,,,,,,,,,,,,,,,,,,,,,,,,,,,,,,,,,,,,,3.66,0.36,603.00,19.63,,,,,,,,
task,2026-10-04T22:14:00-03:00,request,922a0a691beb428e99fa215828169261,,,,,,,,,,,,,,,,,,,,,,,,,,,,,,,,,,,,,,,3.54,0.35,367.00,11.95,,,,,,,,
task,2026-10-04T22:14:00-03:00,event,845edaef481c43a98c58661f992f6968,,,,,,,,,,,,,,,,,,,,,,,,,,,,,,,,,,,,,,,5.56,0.54,278.00,9.05,,,,,,,,
minute,2026-10-04T22:15:00-03:00,,,0.0000,,0.0000,0.0000,0.0000,0.0000,6,6,,,,,,,,,,,0,0,,,,,2.00,1.00,3.67,0.36,478.50,15.58,0.36,15.58,4.63,0.45,278.00,9.05,0.45,9.05,,,,,0.00462000,0.00000240,0.00462240,,,,,
task,2026-10-04T22:15:00-03:00,request,295a0d7bce64416ea5ddbd070577cedd,,,,,,,,,,,,,,,,,,,,,,,,,,,,,,,,,,,,,,,4.19,0.41,591.00,19.24,,,,,,,,
task,2026-10-04T22:15:00-03:00,request,922a0a691beb428e99fa215828169261,,,,,,,,,,,,,,,,,,,,,,,,,,,,,,,,,,,,,,,3.15,0.31,366.00,11.91,,,,,,,,
task,2026-10-04T22:15:00-03:00,event,845edaef481c43a98c58661f992f6968,,,,,,,,,,,,,,,,,,,,,,,,,,,,,,,,,,,,,,,4.63,0.45,278.00,9.05,,,,,,,,
minute,2026-10-04T22:16:00-03:00,,,0.0000,,0.0000,0.0000,0.0000,0.0000,6,6,,,,,,,,,,,0,0,,,,,2.00,1.00,3.45,0.34,477.00,15.53,0.34,15.53,4.03,0.39,278.00,9.05,0.39,9.05,,,,,0.00462000,0.00000240,0.00462240,,,,,
task,2026-10-04T22:16:00-03:00,request,295a0d7bce64416ea5ddbd070577cedd,,,,,,,,,,,,,,,,,,,,,,,,,,,,,,,,,,,,,,,3.39,0.33,589.00,19.17,,,,,,,,
task,2026-10-04T22:16:00-03:00,request,922a0a691beb428e99fa215828169261,,,,,,,,,,,,,,,,,,,,,,,,,,,,,,,,,,,,,,,3.52,0.34,365.00,11.88,,,,,,,,
task,2026-10-04T22:16:00-03:00,event,845edaef481c43a98c58661f992f6968,,,,,,,,,,,,,,,,,,,,,,,,,,,,,,,,,,,,,,,4.03,0.39,278.00,9.05,,,,,,,,
minute,2026-10-04T22:17:00-03:00,,,0.0000,,0.0000,0.0000,0.0000,0.0000,6,6,,,,,,,,,,,0,0,,,,,2.00,1.00,3.67,0.36,477.00,15.53,0.36,15.53,3.00,0.29,278.00,9.05,0.29,9.05,,,,,0.00462000,0.00000240,0.00462240,,,,,
task,2026-10-04T22:17:00-03:00,request,295a0d7bce64416ea5ddbd070577cedd,,,,,,,,,,,,,,,,,,,,,,,,,,,,,,,,,,,,,,,4.35,0.42,589.00,19.17,,,,,,,,
task,2026-10-04T22:17:00-03:00,request,922a0a691beb428e99fa215828169261,,,,,,,,,,,,,,,,,,,,,,,,,,,,,,,,,,,,,,,2.99,0.29,365.00,11.88,,,,,,,,
task,2026-10-04T22:17:00-03:00,event,845edaef481c43a98c58661f992f6968,,,,,,,,,,,,,,,,,,,,,,,,,,,,,,,,,,,,,,,3.00,0.29,278.00,9.05,,,,,,,,
minute,2026-10-04T22:18:00-03:00,,,0.0000,,46.1000,0.0000,0.0000,0.0000,6,6,6.99,25.46,58.55,,,0,,,,0,0,0,0.000000,0,0.000000,,1.00,1.00,58.06,5.67,477.00,15.53,5.67,15.53,3.83,0.37,278.00,9.05,0.37,9.05,,,,,0.00308000,0.00000240,0.00308240,,,,,
task,2026-10-04T22:18:00-03:00,request,295a0d7bce64416ea5ddbd070577cedd,,,,,,,,,,,,,,,,,,,,,,,,,,,,,,,,,,,,,,,112.55,10.99,589.00,19.17,,,,,,,,
task,2026-10-04T22:18:00-03:00,request,922a0a691beb428e99fa215828169261,,,,,,,,,,,,,,,,,,,,,,,,,,,,,,,,,,,,,,,3.57,0.35,365.00,11.88,,,,,,,,
task,2026-10-04T22:18:00-03:00,event,845edaef481c43a98c58661f992f6968,,,,,,,,,,,,,,,,,,,,,,,,,,,,,,,,,,,,,,,3.83,0.37,278.00,9.05,,,,,,,,
minute,2026-10-04T22:19:00-03:00,,,46.1000,,203.4500,0.0000,0.0000,0.0000,6,6,104.22,2011.68,2642.40,3.57,,0,0.000000,,,0,0,0,0.000000,0,0.000000,,1.00,1.00,246.50,24.07,479.50,15.61,24.07,15.62,4.06,0.40,283.00,9.21,0.40,9.21,,,,,0.00308000,0.00000240,0.00308240,,,,,
task,2026-10-04T22:19:00-03:00,request,295a0d7bce64416ea5ddbd070577cedd,,,,,,,,,,,,,,,,,,,,,,,,,,,,,,,,,,,,,,,489.96,47.85,594.00,19.34,,,,,,,,
task,2026-10-04T22:19:00-03:00,request,922a0a691beb428e99fa215828169261,,,,,,,,,,,,,,,,,,,,,,,,,,,,,,,,,,,,,,,3.04,0.30,365.00,11.88,,,,,,,,
task,2026-10-04T22:19:00-03:00,event,845edaef481c43a98c58661f992f6968,,,,,,,,,,,,,,,,,,,,,,,,,,,,,,,,,,,,,,,4.06,0.40,283.00,9.21,,,,,,,,
minute,2026-10-04T22:20:00-03:00,,,264.1167,,456.4000,0.0000,0.0000,0.0000,6,6,1168.67,1729.61,1946.55,3.54,,0,0.000000,,,0,0,0,0.000000,0,0.000000,,1.00,1.00,403.77,39.43,487.50,15.87,39.43,15.88,3.30,0.32,284.00,9.24,0.32,9.24,,,,,0.00308000,0.00000240,0.00308240,,,,,
task,2026-10-04T22:20:00-03:00,request,295a0d7bce64416ea5ddbd070577cedd,,,,,,,,,,,,,,,,,,,,,,,,,,,,,,,,,,,,,,,803.98,78.51,610.00,19.86,,,,,,,,
task,2026-10-04T22:20:00-03:00,request,922a0a691beb428e99fa215828169261,,,,,,,,,,,,,,,,,,,,,,,,,,,,,,,,,,,,,,,3.55,0.35,365.00,11.88,,,,,,,,
task,2026-10-04T22:20:00-03:00,event,845edaef481c43a98c58661f992f6968,,,,,,,,,,,,,,,,,,,,,,,,,,,,,,,,,,,,,,,3.30,0.32,284.00,9.24,,,,,,,,
minute,2026-10-04T22:21:00-03:00,,,487.3000,,492.2833,0.0000,0.0000,0.0000,6,6,1350.19,1926.07,2262.46,3.68,,0,0.000000,,,0,0,0,0.000000,0,0.000000,,1.00,1.00,506.90,49.50,488.50,15.90,49.50,15.91,3.85,0.38,284.00,9.24,0.38,9.24,,,,,0.00308000,0.00000240,0.00308240,,,,,
task,2026-10-04T22:21:00-03:00,request,295a0d7bce64416ea5ddbd070577cedd,,,,,,,,,,,,,,,,,,,,,,,,,,,,,,,,,,,,,,,1010.64,98.70,612.00,19.92,,,,,,,,
task,2026-10-04T22:21:00-03:00,request,922a0a691beb428e99fa215828169261,,,,,,,,,,,,,,,,,,,,,,,,,,,,,,,,,,,,,,,3.17,0.31,365.00,11.88,,,,,,,,
task,2026-10-04T22:21:00-03:00,event,845edaef481c43a98c58661f992f6968,,,,,,,,,,,,,,,,,,,,,,,,,,,,,,,,,,,,,,,3.85,0.38,284.00,9.24,,,,,,,,
minute,2026-10-04T22:22:00-03:00,,,487.0667,,459.4333,0.0000,0.0000,0.0000,6,6,1499.26,2093.65,2485.19,3.85,,0,0.000000,,,0,0,0,0.000000,0,0.000000,,1.00,1.00,509.42,49.75,489.00,15.92,49.75,15.92,3.60,0.35,284.00,9.24,0.35,9.24,,,,,0.00308000,0.00000240,0.00308240,,,,,
task,2026-10-04T22:22:00-03:00,request,295a0d7bce64416ea5ddbd070577cedd,,,,,,,,,,,,,,,,,,,,,,,,,,,,,,,,,,,,,,,1015.34,99.15,613.00,19.95,,,,,,,,
task,2026-10-04T22:22:00-03:00,request,922a0a691beb428e99fa215828169261,,,,,,,,,,,,,,,,,,,,,,,,,,,,,,,,,,,,,,,3.50,0.34,365.00,11.88,,,,,,,,
task,2026-10-04T22:22:00-03:00,event,845edaef481c43a98c58661f992f6968,,,,,,,,,,,,,,,,,,,,,,,,,,,,,,,,,,,,,,,3.60,0.35,284.00,9.24,,,,,,,,
minute,2026-10-04T22:23:00-03:00,,,467.8167,,471.0167,0.0000,0.0000,0.0000,6,6,1491.24,1975.23,2325.25,4.04,,0,0.000000,,,0,0,0,0.000000,0,0.000000,,1.00,1.00,512.82,50.08,489.00,15.92,50.08,15.92,3.66,0.36,284.00,9.24,0.36,9.24,,,,,0.00308000,0.00000240,0.00308240,,,,,
task,2026-10-04T22:23:00-03:00,request,295a0d7bce64416ea5ddbd070577cedd,,,,,,,,,,,,,,,,,,,,,,,,,,,,,,,,,,,,,,,1021.96,99.80,613.00,19.95,,,,,,,,
task,2026-10-04T22:23:00-03:00,request,922a0a691beb428e99fa215828169261,,,,,,,,,,,,,,,,,,,,,,,,,,,,,,,,,,,,,,,3.67,0.36,365.00,11.88,,,,,,,,
task,2026-10-04T22:23:00-03:00,event,845edaef481c43a98c58661f992f6968,,,,,,,,,,,,,,,,,,,,,,,,,,,,,,,,,,,,,,,3.66,0.36,284.00,9.24,,,,,,,,
minute,2026-10-04T22:24:00-03:00,,,464.6667,,476.5167,0.0000,0.0000,0.0000,6,6,1465.16,2011.91,2541.62,4.03,,0,0.000000,,,0,0,0,0.000000,0,0.000000,,1.00,1.00,1001.36,97.79,613.00,19.95,97.79,19.95,3.30,0.32,284.00,9.24,0.32,9.24,,,,,0.00308000,0.00000240,0.00308240,,,,,
task,2026-10-04T22:24:00-03:00,request,295a0d7bce64416ea5ddbd070577cedd,,,,,,,,,,,,,,,,,,,,,,,,,,,,,,,,,,,,,,,1001.36,97.79,613.00,19.95,,,,,,,,
task,2026-10-04T22:24:00-03:00,event,845edaef481c43a98c58661f992f6968,,,,,,,,,,,,,,,,,,,,,,,,,,,,,,,,,,,,,,,3.30,0.32,284.00,9.24,,,,,,,,
minute,2026-10-04T22:25:00-03:00,,,482.0500,,205.4500,0.0000,0.0000,0.0000,6,6,1520.41,2101.68,2514.01,4.13,,0,0.000000,,,0,0,0,0.000000,0,0.000000,,1.00,1.00,677.21,66.13,613.00,19.95,66.13,19.95,5.47,0.53,284.00,9.24,0.53,9.24,,,,,0.00308000,0.00000240,0.00308240,,,,,
task,2026-10-04T22:25:00-03:00,request,295a0d7bce64416ea5ddbd070577cedd,,,,,,,,,,,,,,,,,,,,,,,,,,,,,,,,,,,,,,,677.21,66.13,613.00,19.95,,,,,,,,
task,2026-10-04T22:25:00-03:00,event,845edaef481c43a98c58661f992f6968,,,,,,,,,,,,,,,,,,,,,,,,,,,,,,,,,,,,,,,5.47,0.53,284.00,9.24,,,,,,,,
minute,2026-10-04T22:26:00-03:00,,,111.5000,,0.0000,0.0000,0.0000,0.0000,6,6,,,,4.17,,0,0.000000,,,0,0,0,,0,0.000000,,1.00,1.00,3.71,0.36,612.00,19.92,0.36,19.94,3.43,0.33,284.00,9.24,0.33,9.24,,,,,0.00308000,0.00000240,0.00308240,,,,,
task,2026-10-04T22:26:00-03:00,request,295a0d7bce64416ea5ddbd070577cedd,,,,,,,,,,,,,,,,,,,,,,,,,,,,,,,,,,,,,,,3.71,0.36,612.00,19.92,,,,,,,,
task,2026-10-04T22:26:00-03:00,event,845edaef481c43a98c58661f992f6968,,,,,,,,,,,,,,,,,,,,,,,,,,,,,,,,,,,,,,,3.43,0.33,284.00,9.24,,,,,,,,
minute,2026-10-04T22:27:00-03:00,,,0.0000,,0.0000,0.0000,0.0000,0.0000,6,6,,,,,,,,,,,0,0,,,,,1.00,1.00,4.45,0.43,604.00,19.66,0.43,19.67,4.39,0.43,284.00,9.24,0.43,9.24,,,,,0.00308000,0.00000240,0.00308240,,,,,
task,2026-10-04T22:27:00-03:00,request,295a0d7bce64416ea5ddbd070577cedd,,,,,,,,,,,,,,,,,,,,,,,,,,,,,,,,,,,,,,,4.45,0.43,604.00,19.66,,,,,,,,
task,2026-10-04T22:27:00-03:00,event,845edaef481c43a98c58661f992f6968,,,,,,,,,,,,,,,,,,,,,,,,,,,,,,,,,,,,,,,4.39,0.43,284.00,9.24,,,,,,,,
minute,2026-10-04T22:28:00-03:00,,,0.0000,,0.0000,0.0000,0.0000,0.0000,6,6,,,,,,,,,,,0,0,,,,,1.00,1.00,3.46,0.34,589.00,19.17,0.34,19.17,3.94,0.38,284.00,9.24,0.38,9.26,,,,,0.00308000,0.00000240,0.00308240,,,,,
task,2026-10-04T22:28:00-03:00,request,295a0d7bce64416ea5ddbd070577cedd,,,,,,,,,,,,,,,,,,,,,,,,,,,,,,,,,,,,,,,3.46,0.34,589.00,19.17,,,,,,,,
task,2026-10-04T22:28:00-03:00,event,845edaef481c43a98c58661f992f6968,,,,,,,,,,,,,,,,,,,,,,,,,,,,,,,,,,,,,,,3.94,0.38,284.00,9.24,,,,,,,,
minute,2026-10-04T22:29:00-03:00,,,0.0000,,0.0000,0.0000,0.0000,0.0000,6,6,,,,,,,,,,,0,0,,,,,1.00,1.00,4.26,0.42,589.00,19.17,0.42,19.19,4.05,0.40,285.00,9.28,0.40,9.28,,,,,0.00308000,0.00000240,0.00308240,,,,,
task,2026-10-04T22:29:00-03:00,request,295a0d7bce64416ea5ddbd070577cedd,,,,,,,,,,,,,,,,,,,,,,,,,,,,,,,,,,,,,,,4.26,0.42,589.00,19.17,,,,,,,,
task,2026-10-04T22:29:00-03:00,event,845edaef481c43a98c58661f992f6968,,,,,,,,,,,,,,,,,,,,,,,,,,,,,,,,,,,,,,,4.05,0.40,285.00,9.28,,,,,,,,
minute,2026-10-04T22:30:00-03:00,,,0.0000,,77.5333,0.0000,0.0000,0.0000,6,6,7.82,55.72,83.38,,,0,,,,0,0,0,0.000000,0,0.000000,,1.00,1.00,23.07,2.25,590.00,19.21,2.25,19.21,3.72,0.36,285.00,9.28,0.36,9.28,,,,,0.00308000,0.00000240,0.00308240,,,,,
task,2026-10-04T22:30:00-03:00,request,295a0d7bce64416ea5ddbd070577cedd,,,,,,,,,,,,,,,,,,,,,,,,,,,,,,,,,,,,,,,23.07,2.25,590.00,19.21,,,,,,,,
task,2026-10-04T22:30:00-03:00,event,845edaef481c43a98c58661f992f6968,,,,,,,,,,,,,,,,,,,,,,,,,,,,,,,,,,,,,,,3.72,0.36,285.00,9.28,,,,,,,,
minute,2026-10-04T22:31:00-03:00,,,165.0167,,481.0000,0.0000,0.0000,0.0000,6,6,1421.45,2000.27,2358.40,4.14,,0,0.000000,,,0,0,0,0.000000,0,0.000000,,1.00,1.00,1004.56,98.10,602.00,19.60,98.10,19.61,4.67,0.46,285.00,9.28,0.46,9.28,,,,,0.00308000,0.00000240,0.00308240,,,,,
task,2026-10-04T22:31:00-03:00,request,295a0d7bce64416ea5ddbd070577cedd,,,,,,,,,,,,,,,,,,,,,,,,,,,,,,,,,,,,,,,1004.56,98.10,602.00,19.60,,,,,,,,
task,2026-10-04T22:31:00-03:00,event,845edaef481c43a98c58661f992f6968,,,,,,,,,,,,,,,,,,,,,,,,,,,,,,,,,,,,,,,4.67,0.46,285.00,9.28,,,,,,,,
minute,2026-10-04T22:32:00-03:00,,,487.8833,,483.4000,0.0000,0.0000,0.0000,6,6,1431.02,1951.89,2315.26,4.24,,0,0.000000,,,0,0,0,0.000000,0,0.000000,,1.00,1.00,1013.68,98.99,606.00,19.73,98.99,19.73,3.83,0.37,285.00,9.28,0.37,9.28,,,,,0.00308000,0.00000240,0.00308240,,,,,
task,2026-10-04T22:32:00-03:00,request,295a0d7bce64416ea5ddbd070577cedd,,,,,,,,,,,,,,,,,,,,,,,,,,,,,,,,,,,,,,,1013.68,98.99,606.00,19.73,,,,,,,,
task,2026-10-04T22:32:00-03:00,event,845edaef481c43a98c58661f992f6968,,,,,,,,,,,,,,,,,,,,,,,,,,,,,,,,,,,,,,,3.83,0.37,285.00,9.28,,,,,,,,
minute,2026-10-04T22:33:00-03:00,,,481.1000,,485.9333,0.0000,0.0000,0.0000,6,6,1390.88,1947.20,2253.55,4.34,,0,0.000000,,,0,0,0,0.000000,0,0.000000,,1.00,1.00,1017.96,99.41,607.00,19.76,99.41,19.76,3.74,0.37,285.00,9.28,0.37,9.28,,,,,0.00308000,0.00000240,0.00308240,,,,,
task,2026-10-04T22:33:00-03:00,request,295a0d7bce64416ea5ddbd070577cedd,,,,,,,,,,,,,,,,,,,,,,,,,,,,,,,,,,,,,,,1017.96,99.41,607.00,19.76,,,,,,,,
task,2026-10-04T22:33:00-03:00,event,845edaef481c43a98c58661f992f6968,,,,,,,,,,,,,,,,,,,,,,,,,,,,,,,,,,,,,,,3.74,0.37,285.00,9.28,,,,,,,,
minute,2026-10-04T22:34:00-03:00,,,487.6167,,485.3000,0.0000,0.0000,0.0000,6,6,1412.43,1938.97,2286.51,4.44,,0,0.000000,,,0,0,0,0.000000,0,0.000000,,1.00,1.00,1014.51,99.07,608.00,19.79,99.07,19.80,3.98,0.39,285.00,9.28,0.39,9.28,,,,,0.00308000,0.00000240,0.00308240,,,,,
task,2026-10-04T22:34:00-03:00,request,295a0d7bce64416ea5ddbd070577cedd,,,,,,,,,,,,,,,,,,,,,,,,,,,,,,,,,,,,,,,1014.51,99.07,608.00,19.79,,,,,,,,
task,2026-10-04T22:34:00-03:00,event,845edaef481c43a98c58661f992f6968,,,,,,,,,,,,,,,,,,,,,,,,,,,,,,,,,,,,,,,3.98,0.39,285.00,9.28,,,,,,,,
minute,2026-10-04T22:35:00-03:00,,,488.3000,,497.7333,0.0000,0.0000,0.0000,6,6,1389.68,1869.32,2165.03,4.52,,0,0.000000,,,0,0,0,0.000000,0,0.000000,,1.00,1.00,1017.65,99.38,609.00,19.82,99.38,19.84,2.80,0.27,285.00,9.28,0.27,9.28,,,,,0.00308000,0.00000240,0.00308240,,,,,
task,2026-10-04T22:35:00-03:00,request,295a0d7bce64416ea5ddbd070577cedd,,,,,,,,,,,,,,,,,,,,,,,,,,,,,,,,,,,,,,,1017.65,99.38,609.00,19.82,,,,,,,,
task,2026-10-04T22:35:00-03:00,event,845edaef481c43a98c58661f992f6968,,,,,,,,,,,,,,,,,,,,,,,,,,,,,,,,,,,,,,,2.80,0.27,285.00,9.28,,,,,,,,
minute,2026-10-04T22:36:00-03:00,,,496.7333,,97.4167,0.0000,0.0000,0.0000,6,6,1526.33,2132.65,2463.28,4.57,,0,0.000000,,,0,0,0,0.000000,0,0.000000,,1.00,1.00,330.93,32.32,611.00,19.89,32.32,19.90,3.22,0.31,285.00,9.28,0.31,9.28,,,,,0.00308000,0.00000240,0.00308240,,,,,
task,2026-10-04T22:36:00-03:00,request,295a0d7bce64416ea5ddbd070577cedd,,,,,,,,,,,,,,,,,,,,,,,,,,,,,,,,,,,,,,,330.93,32.32,611.00,19.89,,,,,,,,
task,2026-10-04T22:36:00-03:00,event,845edaef481c43a98c58661f992f6968,,,,,,,,,,,,,,,,,,,,,,,,,,,,,,,,,,,,,,,3.22,0.31,285.00,9.28,,,,,,,,
minute,2026-10-04T22:37:00-03:00,,,1.6500,,0.0000,0.0000,0.0000,0.0000,6,6,,,,4.57,,0,0.000000,,,0,0,0,,0,0.000000,,1.00,1.00,3.69,0.36,611.00,19.89,0.36,19.90,3.06,0.30,285.00,9.28,0.30,9.28,,,,,0.00308000,0.00000240,0.00308240,,,,,
task,2026-10-04T22:37:00-03:00,request,295a0d7bce64416ea5ddbd070577cedd,,,,,,,,,,,,,,,,,,,,,,,,,,,,,,,,,,,,,,,3.69,0.36,611.00,19.89,,,,,,,,
task,2026-10-04T22:37:00-03:00,event,845edaef481c43a98c58661f992f6968,,,,,,,,,,,,,,,,,,,,,,,,,,,,,,,,,,,,,,,3.06,0.30,285.00,9.28,,,,,,,,
minute,2026-10-04T22:38:00-03:00,,,0.0000,,0.0167,0.0000,0.0000,0.0000,6,6,4.54,4.54,4.54,,,0,,,,0,0,0,0.000000,0,0.000000,,1.00,1.00,7.26,0.71,597.00,19.43,0.71,19.46,3.03,0.30,285.00,9.28,0.30,9.28,,,,,0.00308000,0.00000240,0.00308240,,,,,
task,2026-10-04T22:38:00-03:00,request,295a0d7bce64416ea5ddbd070577cedd,,,,,,,,,,,,,,,,,,,,,,,,,,,,,,,,,,,,,,,7.26,0.71,597.00,19.43,,,,,,,,
task,2026-10-04T22:38:00-03:00,event,845edaef481c43a98c58661f992f6968,,,,,,,,,,,,,,,,,,,,,,,,,,,,,,,,,,,,,,,3.03,0.30,285.00,9.28,,,,,,,,
minute,2026-10-04T22:39:00-03:00,,,0.0000,,0.0167,0.0000,0.0000,0.0000,6,6,66.86,66.86,66.86,,,0,,,,0,0,0,0.000000,0,0.000000,,1.00,1.00,3.71,0.36,591.00,19.24,0.36,19.24,3.07,0.30,285.00,9.28,0.30,9.29,,,,,0.00308000,0.00000240,0.00308240,,,,,
task,2026-10-04T22:39:00-03:00,request,295a0d7bce64416ea5ddbd070577cedd,,,,,,,,,,,,,,,,,,,,,,,,,,,,,,,,,,,,,,,3.71,0.36,591.00,19.24,,,,,,,,
task,2026-10-04T22:39:00-03:00,event,845edaef481c43a98c58661f992f6968,,,,,,,,,,,,,,,,,,,,,,,,,,,,,,,,,,,,,,,3.07,0.30,285.00,9.28,,,,,,,,
minute,2026-10-04T22:40:00-03:00,,,0.0000,,0.0000,0.0000,0.0000,0.0000,6,6,,,,,,,,,,,0,0,,,,,1.00,1.00,3.60,0.35,591.00,19.24,0.35,19.24,3.11,0.30,286.00,9.31,0.30,9.31,,,,,0.00308000,0.00000240,0.00308240,,,,,
task,2026-10-04T22:40:00-03:00,request,295a0d7bce64416ea5ddbd070577cedd,,,,,,,,,,,,,,,,,,,,,,,,,,,,,,,,,,,,,,,3.60,0.35,591.00,19.24,,,,,,,,
task,2026-10-04T22:40:00-03:00,event,845edaef481c43a98c58661f992f6968,,,,,,,,,,,,,,,,,,,,,,,,,,,,,,,,,,,,,,,3.11,0.30,286.00,9.31,,,,,,,,
minute,2026-10-04T22:41:00-03:00,,,0.0000,,180.8667,0.0000,0.0000,0.0000,6,6,229.14,2308.93,2821.42,,,0,,,,0,0,0,0.000000,0,0.000000,,1.00,1.00,263.15,25.70,591.00,19.24,25.70,19.24,3.61,0.35,286.00,9.31,0.35,9.31,,,,,0.00308000,0.00000240,0.00308240,,,,,
task,2026-10-04T22:41:00-03:00,request,295a0d7bce64416ea5ddbd070577cedd,,,,,,,,,,,,,,,,,,,,,,,,,,,,,,,,,,,,,,,263.15,25.70,591.00,19.24,,,,,,,,
task,2026-10-04T22:41:00-03:00,event,845edaef481c43a98c58661f992f6968,,,,,,,,,,,,,,,,,,,,,,,,,,,,,,,,,,,,,,,3.61,0.35,286.00,9.31,,,,,,,,
minute,2026-10-04T22:42:00-03:00,,,269.2167,,476.8833,0.0000,0.0000,0.0000,6,6,1464.81,2092.98,2649.92,4.57,,0,0.000000,,,0,0,0,0.000000,0,0.000000,,1.00,1.00,999.08,97.57,607.00,19.76,97.57,19.76,3.41,0.33,286.00,9.31,0.33,9.31,,,,,0.00308000,0.00000240,0.00308240,,,,,
task,2026-10-04T22:42:00-03:00,request,295a0d7bce64416ea5ddbd070577cedd,,,,,,,,,,,,,,,,,,,,,,,,,,,,,,,,,,,,,,,999.08,97.57,607.00,19.76,,,,,,,,
task,2026-10-04T22:42:00-03:00,event,845edaef481c43a98c58661f992f6968,,,,,,,,,,,,,,,,,,,,,,,,,,,,,,,,,,,,,,,3.41,0.33,286.00,9.31,,,,,,,,
minute,2026-10-04T22:43:00-03:00,,,485.9500,,493.9167,0.0000,0.0000,0.0000,6,6,1412.01,1904.96,2221.20,4.65,,0,0.000000,,,0,0,0,0.000000,0,0.000000,,1.00,1.00,1016.61,99.28,608.00,19.79,99.28,19.82,2.93,0.29,286.00,9.31,0.29,9.31,,,,,0.00308000,0.00000240,0.00308240,,,,,
task,2026-10-04T22:43:00-03:00,request,295a0d7bce64416ea5ddbd070577cedd,,,,,,,,,,,,,,,,,,,,,,,,,,,,,,,,,,,,,,,1016.61,99.28,608.00,19.79,,,,,,,,
task,2026-10-04T22:43:00-03:00,event,845edaef481c43a98c58661f992f6968,,,,,,,,,,,,,,,,,,,,,,,,,,,,,,,,,,,,,,,2.93,0.29,286.00,9.31,,,,,,,,
minute,2026-10-04T22:44:00-03:00,,,497.7167,,491.5667,0.0000,0.0000,0.0000,6,6,1399.25,1897.21,2185.95,4.70,,0,0.000000,,,0,0,0,0.000000,0,0.000000,,1.00,1.00,1022.42,99.85,610.00,19.86,99.85,19.86,3.54,0.35,286.00,9.31,0.35,9.31,,,,,0.00308000,0.00000240,0.00308240,,,,,
task,2026-10-04T22:44:00-03:00,request,295a0d7bce64416ea5ddbd070577cedd,,,,,,,,,,,,,,,,,,,,,,,,,,,,,,,,,,,,,,,1022.42,99.85,610.00,19.86,,,,,,,,
task,2026-10-04T22:44:00-03:00,event,845edaef481c43a98c58661f992f6968,,,,,,,,,,,,,,,,,,,,,,,,,,,,,,,,,,,,,,,3.54,0.35,286.00,9.31,,,,,,,,
minute,2026-10-04T22:45:00-03:00,,,479.7333,,483.1500,0.0000,0.0000,0.0000,6,6,1426.80,2003.07,2327.64,4.76,,0,0.000000,,,0,0,0,0.000000,0,0.000000,,1.00,1.00,1013.17,98.94,610.00,19.86,98.94,19.88,3.11,0.30,286.00,9.31,0.30,9.31,,,,,0.00308000,0.00000240,0.00308240,,,,,
task,2026-10-04T22:45:00-03:00,request,295a0d7bce64416ea5ddbd070577cedd,,,,,,,,,,,,,,,,,,,,,,,,,,,,,,,,,,,,,,,1013.17,98.94,610.00,19.86,,,,,,,,
task,2026-10-04T22:45:00-03:00,event,845edaef481c43a98c58661f992f6968,,,,,,,,,,,,,,,,,,,,,,,,,,,,,,,,,,,,,,,3.11,0.30,286.00,9.31,,,,,,,,
minute,2026-10-04T22:46:00-03:00,,,489.2167,,468.6833,0.0000,0.0000,0.0000,6,6,1450.61,1947.30,2277.27,4.81,,0,0.000000,,,0,0,0,0.000000,0,0.000000,,1.00,1.00,1018.34,99.45,612.00,19.92,99.45,19.93,3.21,0.31,286.00,9.31,0.31,9.31,,,,,0.00308000,0.00000240,0.00308240,,,,,
task,2026-10-04T22:46:00-03:00,request,295a0d7bce64416ea5ddbd070577cedd,,,,,,,,,,,,,,,,,,,,,,,,,,,,,,,,,,,,,,,1018.34,99.45,612.00,19.92,,,,,,,,
task,2026-10-04T22:46:00-03:00,event,845edaef481c43a98c58661f992f6968,,,,,,,,,,,,,,,,,,,,,,,,,,,,,,,,,,,,,,,3.21,0.31,286.00,9.31,,,,,,,,
minute,2026-10-04T22:47:00-03:00,,,373.2333,,0.0000,0.0000,0.0000,0.0000,6,6,,,,4.86,,0,0.000000,,,0,0,0,,0,0.000000,,1.00,1.00,104.32,10.19,613.00,19.95,10.19,19.95,3.14,0.31,286.00,9.31,0.31,9.31,,,,,0.00308000,0.00000240,0.00308240,,,,,
task,2026-10-04T22:47:00-03:00,request,295a0d7bce64416ea5ddbd070577cedd,,,,,,,,,,,,,,,,,,,,,,,,,,,,,,,,,,,,,,,104.32,10.19,613.00,19.95,,,,,,,,
task,2026-10-04T22:47:00-03:00,event,845edaef481c43a98c58661f992f6968,,,,,,,,,,,,,,,,,,,,,,,,,,,,,,,,,,,,,,,3.14,0.31,286.00,9.31,,,,,,,,
minute,2026-10-04T22:48:00-03:00,,,0.0000,,0.0000,0.0000,0.0000,0.0000,6,6,,,,,,,,,,,0,0,,,,,1.00,1.00,6.61,0.65,612.00,19.92,0.65,19.93,3.08,0.30,286.00,9.31,0.30,9.31,,,,,0.00308000,0.00000240,0.00308240,,,,,
task,2026-10-04T22:48:00-03:00,request,295a0d7bce64416ea5ddbd070577cedd,,,,,,,,,,,,,,,,,,,,,,,,,,,,,,,,,,,,,,,6.61,0.65,612.00,19.92,,,,,,,,
task,2026-10-04T22:48:00-03:00,event,845edaef481c43a98c58661f992f6968,,,,,,,,,,,,,,,,,,,,,,,,,,,,,,,,,,,,,,,3.08,0.30,286.00,9.31,,,,,,,,
minute,2026-10-04T22:49:00-03:00,,,0.0000,,0.0000,0.0000,0.0000,0.0000,6,6,,,,,,,,,,,0,0,,,,,1.00,1.00,6.12,0.60,596.00,19.40,0.60,19.41,3.18,0.31,286.00,9.31,0.31,9.31,,,,,0.00308000,0.00000240,0.00308240,,,,,
task,2026-10-04T22:49:00-03:00,request,295a0d7bce64416ea5ddbd070577cedd,,,,,,,,,,,,,,,,,,,,,,,,,,,,,,,,,,,,,,,6.12,0.60,596.00,19.40,,,,,,,,
task,2026-10-04T22:49:00-03:00,event,845edaef481c43a98c58661f992f6968,,,,,,,,,,,,,,,,,,,,,,,,,,,,,,,,,,,,,,,3.18,0.31,286.00,9.31,,,,,,,,
minute,2026-10-04T22:50:00-03:00,,,0.0000,,0.0000,0.0000,0.0000,0.0000,6,6,,,,,,,,,,,0,0,,,,,1.00,1.00,3.87,0.38,593.00,19.30,0.38,19.30,3.68,0.36,286.00,9.31,0.36,9.31,,,,,0.00308000,0.00000240,0.00308240,,,,,
task,2026-10-04T22:50:00-03:00,request,295a0d7bce64416ea5ddbd070577cedd,,,,,,,,,,,,,,,,,,,,,,,,,,,,,,,,,,,,,,,3.87,0.38,593.00,19.30,,,,,,,,
task,2026-10-04T22:50:00-03:00,event,845edaef481c43a98c58661f992f6968,,,,,,,,,,,,,,,,,,,,,,,,,,,,,,,,,,,,,,,3.68,0.36,286.00,9.31,,,,,,,,
minute,2026-10-04T22:51:00-03:00,,,0.0000,,0.0000,0.0000,0.0000,0.0000,6,6,,,,,,,,,,,0,0,,,,,1.00,1.00,4.75,0.46,593.00,19.30,0.46,19.30,3.85,0.38,286.00,9.31,0.38,9.34,,,,,0.00308000,0.00000240,0.00308240,,,,,
task,2026-10-04T22:51:00-03:00,request,295a0d7bce64416ea5ddbd070577cedd,,,,,,,,,,,,,,,,,,,,,,,,,,,,,,,,,,,,,,,4.75,0.46,593.00,19.30,,,,,,,,
task,2026-10-04T22:51:00-03:00,event,845edaef481c43a98c58661f992f6968,,,,,,,,,,,,,,,,,,,,,,,,,,,,,,,,,,,,,,,3.85,0.38,286.00,9.31,,,,,,,,
minute,2026-10-04T22:52:00-03:00,,,0.0000,,300.1833,0.0000,0.0000,0.0000,6,6,1128.72,2003.89,2559.58,,,0,,,,0,0,0,0.000000,0,0.000000,,1.00,1.00,485.16,47.38,597.00,19.43,47.38,19.44,3.60,0.35,287.00,9.34,0.35,9.34,,,,,0.00308000,0.00000240,0.00308240,,,,,
task,2026-10-04T22:52:00-03:00,request,295a0d7bce64416ea5ddbd070577cedd,,,,,,,,,,,,,,,,,,,,,,,,,,,,,,,,,,,,,,,485.16,47.38,597.00,19.43,,,,,,,,
task,2026-10-04T22:52:00-03:00,event,845edaef481c43a98c58661f992f6968,,,,,,,,,,,,,,,,,,,,,,,,,,,,,,,,,,,,,,,3.60,0.35,287.00,9.34,,,,,,,,
minute,2026-10-04T22:53:00-03:00,,,396.6167,,491.6667,0.0000,0.0000,0.0000,6,6,1412.48,1933.84,2280.62,4.86,,0,0.000000,,,0,0,0,0.000000,0,0.000000,,1.00,1.00,1019.72,99.58,613.00,19.95,99.58,19.97,6.33,0.62,287.00,9.34,0.62,9.34,,,,,0.00308000,0.00000240,0.00308240,,,,,
task,2026-10-04T22:53:00-03:00,request,295a0d7bce64416ea5ddbd070577cedd,,,,,,,,,,,,,,,,,,,,,,,,,,,,,,,,,,,,,,,1019.72,99.58,613.00,19.95,,,,,,,,
task,2026-10-04T22:53:00-03:00,event,845edaef481c43a98c58661f992f6968,,,,,,,,,,,,,,,,,,,,,,,,,,,,,,,,,,,,,,,6.33,0.62,287.00,9.34,,,,,,,,
minute,2026-10-04T22:54:00-03:00,,,494.4500,,503.7500,0.0000,0.0000,0.0000,6,6,1302.38,1851.10,2258.33,4.90,,0,0.000000,,,0,0,0,0.000000,0,0.000000,,1.00,1.00,1013.32,98.96,614.00,19.99,98.96,19.99,2.88,0.28,287.00,9.34,0.28,9.34,,,,,0.00308000,0.00000240,0.00308240,,,,,
task,2026-10-04T22:54:00-03:00,request,295a0d7bce64416ea5ddbd070577cedd,,,,,,,,,,,,,,,,,,,,,,,,,,,,,,,,,,,,,,,1013.32,98.96,614.00,19.99,,,,,,,,
task,2026-10-04T22:54:00-03:00,event,845edaef481c43a98c58661f992f6968,,,,,,,,,,,,,,,,,,,,,,,,,,,,,,,,,,,,,,,2.88,0.28,287.00,9.34,,,,,,,,
minute,2026-10-04T22:55:00-03:00,,,501.6500,,486.0667,0.0000,0.0000,0.0000,6,6,1415.72,1915.85,2230.46,4.94,,0,0.000000,,,0,0,0,0.000000,0,0.000000,,1.00,1.00,1020.06,99.62,615.00,20.02,99.62,20.03,3.04,0.30,287.00,9.34,0.30,9.34,,,,,0.00308000,0.00000240,0.00308240,,,,,
task,2026-10-04T22:55:00-03:00,request,295a0d7bce64416ea5ddbd070577cedd,,,,,,,,,,,,,,,,,,,,,,,,,,,,,,,,,,,,,,,1020.06,99.62,615.00,20.02,,,,,,,,
task,2026-10-04T22:55:00-03:00,event,845edaef481c43a98c58661f992f6968,,,,,,,,,,,,,,,,,,,,,,,,,,,,,,,,,,,,,,,3.04,0.30,287.00,9.34,,,,,,,,
minute,2026-10-04T22:56:00-03:00,,,482.0333,,501.3667,0.0000,0.0000,0.0000,6,6,1268.16,1896.49,2343.09,5.00,,0,0.000000,,,0,0,0,0.000000,0,0.000000,,1.00,1.00,1006.55,98.30,616.00,20.05,98.30,20.05,3.54,0.35,287.00,9.34,0.35,9.34,,,,,0.00308000,0.00000240,0.00308240,,,,,
task,2026-10-04T22:56:00-03:00,request,295a0d7bce64416ea5ddbd070577cedd,,,,,,,,,,,,,,,,,,,,,,,,,,,,,,,,,,,,,,,1006.55,98.30,616.00,20.05,,,,,,,,
task,2026-10-04T22:56:00-03:00,event,845edaef481c43a98c58661f992f6968,,,,,,,,,,,,,,,,,,,,,,,,,,,,,,,,,,,,,,,3.54,0.35,287.00,9.34,,,,,,,,
minute,2026-10-04T22:57:00-03:00,,,505.4167,,360.6000,0.0000,0.0000,0.0000,6,6,1415.74,1927.57,2181.06,5.03,,0,0.000000,,,0,0,0,0.000000,0,0.000000,,1.00,1.00,990.88,96.77,617.00,20.08,96.77,20.09,2.91,0.28,287.00,9.34,0.28,9.34,,,,,0.00308000,0.00000240,0.00308240,,,,,
task,2026-10-04T22:57:00-03:00,request,295a0d7bce64416ea5ddbd070577cedd,,,,,,,,,,,,,,,,,,,,,,,,,,,,,,,,,,,,,,,990.88,96.77,617.00,20.08,,,,,,,,
task,2026-10-04T22:57:00-03:00,event,845edaef481c43a98c58661f992f6968,,,,,,,,,,,,,,,,,,,,,,,,,,,,,,,,,,,,,,,2.91,0.28,287.00,9.34,,,,,,,,
minute,2026-10-04T22:58:00-03:00,,,263.4333,,0.0000,0.0000,0.0000,0.0000,6,6,,,,5.06,,0,0.000000,,,0,0,0,,0,0.000000,,1.00,1.00,8.11,0.79,618.00,20.12,0.79,20.14,6.17,0.60,287.00,9.34,0.60,9.34,,,,,0.00308000,0.00000240,0.00308240,,,,,
task,2026-10-04T22:58:00-03:00,request,295a0d7bce64416ea5ddbd070577cedd,,,,,,,,,,,,,,,,,,,,,,,,,,,,,,,,,,,,,,,8.11,0.79,618.00,20.12,,,,,,,,
task,2026-10-04T22:58:00-03:00,event,845edaef481c43a98c58661f992f6968,,,,,,,,,,,,,,,,,,,,,,,,,,,,,,,,,,,,,,,6.17,0.60,287.00,9.34,,,,,,,,
minute,2026-10-04T22:59:00-03:00,,,0.0000,,0.0167,0.0000,0.0000,0.0000,6,6,14.13,14.13,14.13,,,0,,,,0,0,0,0.000000,0,0.000000,,1.00,1.00,8.22,0.80,615.00,20.02,0.80,20.02,2.91,0.28,287.00,9.34,0.28,9.35,,,,,0.00308000,0.00000240,0.00308240,,,,,
task,2026-10-04T22:59:00-03:00,request,295a0d7bce64416ea5ddbd070577cedd,,,,,,,,,,,,,,,,,,,,,,,,,,,,,,,,,,,,,,,8.22,0.80,615.00,20.02,,,,,,,,
task,2026-10-04T22:59:00-03:00,event,845edaef481c43a98c58661f992f6968,,,,,,,,,,,,,,,,,,,,,,,,,,,,,,,,,,,,,,,2.91,0.28,287.00,9.34,,,,,,,,
minute,2026-10-04T23:00:00-03:00,,,0.0000,,0.0167,0.0000,0.0000,0.0000,6,6,6.36,6.36,6.36,,,0,,,,0,0,0,0.000000,0,0.000000,,1.00,1.00,13.26,1.30,600.00,19.53,1.30,19.56,9.03,0.88,287.00,9.34,0.88,9.35,,,,,0.00308000,0.00000240,0.00308240,,,,,
task,2026-10-04T23:00:00-03:00,request,295a0d7bce64416ea5ddbd070577cedd,,,,,,,,,,,,,,,,,,,,,,,,,,,,,,,,,,,,,,,13.26,1.30,600.00,19.53,,,,,,,,
task,2026-10-04T23:00:00-03:00,event,845edaef481c43a98c58661f992f6968,,,,,,,,,,,,,,,,,,,,,,,,,,,,,,,,,,,,,,,9.03,0.88,287.00,9.34,,,,,,,,
minute,2026-10-04T23:01:00-03:00,,,0.0000,,0.0000,0.0000,0.0000,0.0000,6,6,,,,,,,,,,,0,0,,,,,1.00,1.00,4.03,0.39,601.00,19.56,0.39,19.56,2.69,0.26,287.00,9.34,0.26,9.35,,,,,0.00308000,0.00000240,0.00308240,,,,,
task,2026-10-04T23:01:00-03:00,request,295a0d7bce64416ea5ddbd070577cedd,,,,,,,,,,,,,,,,,,,,,,,,,,,,,,,,,,,,,,,4.03,0.39,601.00,19.56,,,,,,,,
task,2026-10-04T23:01:00-03:00,event,845edaef481c43a98c58661f992f6968,,,,,,,,,,,,,,,,,,,,,,,,,,,,,,,,,,,,,,,2.69,0.26,287.00,9.34,,,,,,,,
minute,2026-10-04T23:02:00-03:00,,,0.0000,,0.3667,0.0000,0.0000,0.0000,6,6,6.82,11.23,27.89,,,0,,,,0,0,0,0.000000,0,0.000000,,1.00,1.00,3.37,0.33,601.00,19.56,0.33,19.56,4.42,0.43,287.00,9.34,0.43,9.36,,,,,0.00308000,0.00000240,0.00308240,,,,,
task,2026-10-04T23:02:00-03:00,request,295a0d7bce64416ea5ddbd070577cedd,,,,,,,,,,,,,,,,,,,,,,,,,,,,,,,,,,,,,,,3.37,0.33,601.00,19.56,,,,,,,,
task,2026-10-04T23:02:00-03:00,event,845edaef481c43a98c58661f992f6968,,,,,,,,,,,,,,,,,,,,,,,,,,,,,,,,,,,,,,,4.42,0.43,287.00,9.34,,,,,,,,
minute,2026-10-04T23:03:00-03:00,,,41.5833,,397.7833,0.0000,0.0000,0.0000,6,6,1395.14,2055.46,2366.53,5.05,,0,0.000000,,,0,0,0,0.000000,0,0.000000,,1.00,1.00,737.79,72.05,605.00,19.69,72.05,19.72,3.06,0.30,288.00,9.38,0.30,9.38,,,,,0.00308000,0.00000240,0.00308240,,,,,
task,2026-10-04T23:03:00-03:00,request,295a0d7bce64416ea5ddbd070577cedd,,,,,,,,,,,,,,,,,,,,,,,,,,,,,,,,,,,,,,,737.79,72.05,605.00,19.69,,,,,,,,
task,2026-10-04T23:03:00-03:00,event,845edaef481c43a98c58661f992f6968,,,,,,,,,,,,,,,,,,,,,,,,,,,,,,,,,,,,,,,3.06,0.30,288.00,9.38,,,,,,,,
minute,2026-10-04T23:04:00-03:00,,,448.0667,,466.5333,0.0000,0.0000,0.0000,6,6,1499.74,2035.05,2319.80,5.09,,0,0.000000,,,0,0,0,0.000000,0,0.000000,,1.00,1.00,1022.28,99.83,584.00,19.01,99.83,19.03,3.02,0.29,288.00,9.38,0.29,9.38,,,,,0.00308000,0.00000240,0.00308240,,,,,
task,2026-10-04T23:04:00-03:00,request,295a0d7bce64416ea5ddbd070577cedd,,,,,,,,,,,,,,,,,,,,,,,,,,,,,,,,,,,,,,,1022.28,99.83,584.00,19.01,,,,,,,,
task,2026-10-04T23:04:00-03:00,event,845edaef481c43a98c58661f992f6968,,,,,,,,,,,,,,,,,,,,,,,,,,,,,,,,,,,,,,,3.02,0.29,288.00,9.38,,,,,,,,
minute,2026-10-04T23:05:00-03:00,,,468.5833,,484.5667,0.0000,0.0000,0.0000,6,6,1407.81,1911.43,2181.70,5.13,,0,0.000000,,,0,0,0,0.000000,0,0.000000,,1.00,1.00,1014.76,99.10,579.00,18.85,99.10,18.85,2.77,0.27,288.00,9.38,0.27,9.38,,,,,0.00308000,0.00000240,0.00308240,,,,,
task,2026-10-04T23:05:00-03:00,request,295a0d7bce64416ea5ddbd070577cedd,,,,,,,,,,,,,,,,,,,,,,,,,,,,,,,,,,,,,,,1014.76,99.10,579.00,18.85,,,,,,,,
task,2026-10-04T23:05:00-03:00,event,845edaef481c43a98c58661f992f6968,,,,,,,,,,,,,,,,,,,,,,,,,,,,,,,,,,,,,,,2.77,0.27,288.00,9.38,,,,,,,,
minute,2026-10-04T23:06:00-03:00,,,481.2000,,461.0333,0.0000,0.0000,0.0000,6,6,1516.45,2105.78,2496.87,5.18,,0,0.000000,,,0,0,0,0.000000,0,0.000000,,1.00,1.00,1005.04,98.15,581.00,18.91,98.15,18.91,4.06,0.40,288.00,9.38,0.40,9.38,,,,,0.00308000,0.00000240,0.00308240,,,,,
task,2026-10-04T23:06:00-03:00,request,295a0d7bce64416ea5ddbd070577cedd,,,,,,,,,,,,,,,,,,,,,,,,,,,,,,,,,,,,,,,1005.04,98.15,581.00,18.91,,,,,,,,
task,2026-10-04T23:06:00-03:00,event,845edaef481c43a98c58661f992f6968,,,,,,,,,,,,,,,,,,,,,,,,,,,,,,,,,,,,,,,4.06,0.40,288.00,9.38,,,,,,,,
minute,2026-10-04T23:07:00-03:00,,,467.5667,,483.4667,0.0000,0.0000,0.0000,6,6,1451.91,1928.39,2244.27,5.23,,0,0.000000,,,0,0,0,0.000000,0,0.000000,,1.00,1.00,1018.63,99.48,581.00,18.91,99.48,18.91,3.04,0.30,288.00,9.38,0.30,9.38,,,,,0.00308000,0.00000240,0.00308240,,,,,
task,2026-10-04T23:07:00-03:00,request,295a0d7bce64416ea5ddbd070577cedd,,,,,,,,,,,,,,,,,,,,,,,,,,,,,,,,,,,,,,,1018.63,99.48,581.00,18.91,,,,,,,,
task,2026-10-04T23:07:00-03:00,event,845edaef481c43a98c58661f992f6968,,,,,,,,,,,,,,,,,,,,,,,,,,,,,,,,,,,,,,,3.04,0.30,288.00,9.38,,,,,,,,
minute,2026-10-04T23:08:00-03:00,,,479.5333,,236.6833,0.0000,0.0000,0.0000,6,6,1488.02,2079.65,2496.18,5.27,,0,0.000000,,,0,0,0,0.000000,0,0.000000,,1.00,1.00,672.08,65.63,581.00,18.91,65.63,18.91,2.90,0.28,288.00,9.38,0.28,9.38,,,,,0.00308000,0.00000240,0.00308240,,,,,
task,2026-10-04T23:08:00-03:00,request,295a0d7bce64416ea5ddbd070577cedd,,,,,,,,,,,,,,,,,,,,,,,,,,,,,,,,,,,,,,,672.08,65.63,581.00,18.91,,,,,,,,
task,2026-10-04T23:08:00-03:00,event,845edaef481c43a98c58661f992f6968,,,,,,,,,,,,,,,,,,,,,,,,,,,,,,,,,,,,,,,2.90,0.28,288.00,9.38,,,,,,,,
minute,2026-10-04T23:09:00-03:00,,,143.9000,,0.0000,73.2000,56.1333,55.8333,4,11114,,,,5.28,,0,0.000000,,,0,0,0,,0,0.000000,,1.00,1.00,3.46,0.34,580.00,18.88,0.34,18.90,319.61,31.21,297.00,9.67,31.21,9.67,,,,,0.00308000,0.00444560,0.00752560,,,,,
task,2026-10-04T23:09:00-03:00,request,295a0d7bce64416ea5ddbd070577cedd,,,,,,,,,,,,,,,,,,,,,,,,,,,,,,,,,,,,,,,3.46,0.34,580.00,18.88,,,,,,,,
task,2026-10-04T23:09:00-03:00,event,845edaef481c43a98c58661f992f6968,,,,,,,,,,,,,,,,,,,,,,,,,,,,,,,,,,,,,,,319.61,31.21,297.00,9.67,,,,,,,,
minute,2026-10-04T23:10:00-03:00,,,0.0000,,0.0000,768.4500,483.8333,483.8333,0,104167,,,,,,,,,,,0,0,,,,,1.00,1.00,3.42,0.33,573.00,18.65,0.33,18.67,903.54,88.24,343.00,11.17,88.24,11.18,,,,,0.00308000,0.04166680,0.04474680,,,,,
task,2026-10-04T23:10:00-03:00,request,295a0d7bce64416ea5ddbd070577cedd,,,,,,,,,,,,,,,,,,,,,,,,,,,,,,,,,,,,,,,3.42,0.33,573.00,18.65,,,,,,,,
task,2026-10-04T23:10:00-03:00,event,845edaef481c43a98c58661f992f6968,,,,,,,,,,,,,,,,,,,,,,,,,,,,,,,,,,,,,,,903.54,88.24,343.00,11.17,,,,,,,,
minute,2026-10-04T23:11:00-03:00,,,0.0000,519.8333,0.0000,799.9833,623.8333,624.0000,0,122869,,,,,0.48,,,0,0.000000,,0,0,,,,,1.00,1.00,3.40,0.33,561.00,18.26,0.33,18.28,784.56,76.62,346.00,11.26,76.62,11.30,,,,,0.00308000,0.04914760,0.05222760,,,,,
task,2026-10-04T23:11:00-03:00,request,295a0d7bce64416ea5ddbd070577cedd,,,,,,,,,,,,,,,,,,,,,,,,,,,,,,,,,,,,,,,3.40,0.33,561.00,18.26,,,,,,,,
task,2026-10-04T23:11:00-03:00,event,845edaef481c43a98c58661f992f6968,,,,,,,,,,,,,,,,,,,,,,,,,,,,,,,,,,,,,,,784.56,76.62,346.00,11.26,,,,,,,,
minute,2026-10-04T23:12:00-03:00,,,0.0000,628.2833,0.0000,800.0000,612.6667,612.6667,0,121520,,,,,0.40,,,0,0.000000,,0,0,,,,,1.00,1.00,3.42,0.33,562.00,18.29,0.33,18.29,746.49,72.90,348.00,11.33,72.90,11.34,,,,,0.00308000,0.04860800,0.05168800,,,,,
task,2026-10-04T23:12:00-03:00,request,295a0d7bce64416ea5ddbd070577cedd,,,,,,,,,,,,,,,,,,,,,,,,,,,,,,,,,,,,,,,3.42,0.33,562.00,18.29,,,,,,,,
task,2026-10-04T23:12:00-03:00,event,845edaef481c43a98c58661f992f6968,,,,,,,,,,,,,,,,,,,,,,,,,,,,,,,,,,,,,,,746.49,72.90,348.00,11.33,,,,,,,,
